"","month","avg","var","max","min"
"1",1,NA,NA,NA,NA
"2",2,NA,NA,NA,NA
"3",3,NA,NA,NA,NA
"4",4,NA,NA,NA,NA
"5",5,NA,NA,NA,NA
"6",6,NA,NA,NA,NA
"7",7,17.8876344086021,1.56092185633214,20.2375,15.2
"8",8,NA,NA,NA,NA
"9",9,17.5027777777778,1.19260336845466,19.2583333333333,15.6458333333333
"10",10,NA,NA,NA,NA
"11",11,16.6240277777778,1.74758941969987,18.5125,13.6
"12",12,NA,NA,NA,NA
